horizon_bars,n_paths,block_length,seed,breach_freq_below_p05,breach_freq_below_p25,median_cumret_log,p05_cumret_log,p95_cumret_log,max_dd_median,max_dd_p95,early_dip_paths,recovery_prob_after_early_dip
20,500,20,20260521,0.05,0.25,0.002915,-0.075889,0.09479,0.037464,0.089392,124,0.0565
40,500,20,20260541,0.05,0.25,0.014459,-0.113977,0.145384,0.062773,0.140713,124,0.1371
60,500,20,20260561,0.05,0.25,0.022121,-0.126269,0.189505,0.077114,0.165854,125,0.128
90,500,20,20260591,0.05,0.25,0.036283,-0.162883,0.21815,0.095331,0.208563,125,0.08
