{
  "max_scale_frac": 0.25,
  "min_scale": 16,
  "n_rows": 19081,
  "n_scales": 16,
  "n_symbols": 10,
  "report": {
    "fluctuations": [
      2.0111981860086465,
      3.6897251929393406,
      6.676389605583106,
      10.752023852206989,
      17.299600242573433,
      27.977652778859756,
      38.780821264494726,
      60.45660180936532,
      84.96073075482083,
      121.47336692981071,
      162.5287489846584,
      236.90784417293332,
      290.19238406499557,
      417.7107766530724,
      442.15058039143264
    ],
    "hurst_exponent": 1.0139539571337202,
    "n_samples_used": 18781,
    "r_squared": 0.9819099457661725,
    "scales": [
      23,
      34,
      49,
      72,
      106,
      155,
      226,
      331,
      483,
      706,
      1031,
      1507,
      2201,
      3214,
      4694
    ],
    "verdict": "STRONG_PERSISTENT"
  }
}