{
  "ablation_fee_max_viable_bp": 6.0,
  "ablation_fee_verdict": "RESILIENT",
  "ablation_hold_verdict": "ROBUST",
  "ablation_hyperparam_max_rel_drift": 0.6043325505408903,
  "ablation_hyperparam_verdict": "SENSITIVE",
  "ablation_slippage_max_viable_bp": 3.0,
  "ablation_slippage_verdict": "BOUND",
  "ablation_symbol_min_ic": 0.06988641959546207,
  "ablation_symbol_verdict": "MIXED",
  "bootstrap_ci_hi_95": 0.20959666229584387,
  "bootstrap_ci_lo_95": 0.02848218943773476,
  "bootstrap_significant_at_95": true,
  "cte_conditioner": "BTCUSDT",
  "cte_n_pairs": 36,
  "cte_private_flow_count": 33,
  "deflated_sharpe": 15.1219315350458,
  "hurst_exponent": 1.0139539571337202,
  "hurst_r_squared": 0.9819099457661725,
  "hurst_verdict": "STRONG_PERSISTENT",
  "ic_high_vol": 0.22616986479401247,
  "ic_low_vol": 0.07156567250290322,
  "ic_pooled": 0.12229471858695447,
  "ic_residual": 0.11300370962166714,
  "kill_test_verdict": "PROCEED",
  "mutual_information_bits": 0.11305427767487487,
  "mutual_information_nats": 0.07836325382058068,
  "n_rows": 19081,
  "n_symbols": 10,
  "probability_sharpe_is_real": 1.0,
  "purged_cv_mean_ic": 0.12202456587966408,
  "purged_cv_median_ic": 0.1528342316307731,
  "purged_cv_n_folds": 5,
  "regime_conditional_ratio_high_over_low": 3.1603121564299896,
  "regime_conditional_verdict": "VOL_DRIVEN",
  "residual_p_value": 0.001996007984031936,
  "spectral_beta": 1.799392380580356,
  "spectral_dominant_period_sec": 600.0,
  "spectral_regime_verdict": "RED",
  "te_bidirectional_count": 45,
  "te_n_pairs": 45,
  "walk_forward_fraction_positive": 0.8214285714285714,
  "walk_forward_ic_median": 0.07938380756200147,
  "walk_forward_ic_std": 0.120045740020437,
  "walk_forward_verdict": "STABLE_POSITIVE"
}
