{
  "embargo_rows": 60,
  "horizon_rows": 180,
  "ic_max": 0.2240520131646732,
  "ic_mean": 0.12202456587966408,
  "ic_median": 0.1528342316307731,
  "ic_min": 0.005433915609877631,
  "ic_per_fold": [
    0.1528342316307731,
    0.019697875422750845,
    0.2240520131646732,
    0.005433915609877631,
    0.20810479357024572
  ],
  "ic_std": 0.10348039960863283,
  "k": 5,
  "n_rows_total": 19081,
  "n_test_rows_per_fold": [
    3816,
    3816,
    3816,
    3816,
    3817
  ],
  "n_train_rows_per_fold": [
    15205,
    15025,
    15025,
    15025,
    15084
  ],
  "pos_fold_frac": 1.0
}