{
  "diagonal_persistence": [
    0.9997222222222222,
    0.9986263736263736,
    0.9982422218316048,
    0.0,
    0.9947183098591549,
    0.9977521775779713
  ],
  "expected_dwell_sec": [
    3599.9999999994375,
    728.0000000000026,
    568.8999999999917,
    1.0,
    189.3333333333316,
    444.874999999992
  ],
  "mean_diagonal": 0.8315102175195546,
  "n_transitions": 19080,
  "state_counts": [
    3600,
    5096,
    5689,
    0,
    1136,
    3560
  ],
  "states": [
    "low_vol_neg",
    "low_vol_flat",
    "low_vol_pos",
    "high_vol_neg",
    "high_vol_flat",
    "high_vol_pos"
  ],
  "stationary_distribution": [
    0.27082177482308195,
    0.0,
    0.42797363249104275,
    0.0,
    0.0,
    0.3012045926858753
  ],
  "transition_matrix": [
    [
      0.9997222222222222,
      0.0,
      0.0002777777777777778,
      0.0,
      0.0,
      0.0
    ],
    [
      0.0,
      0.9986263736263736,
      0.00019623233908948196,
      0.0,
      0.0011773940345368916,
      0.0
    ],
    [
      0.00017577781683951485,
      0.0,
      0.9982422218316048,
      0.0,
      0.0,
      0.0015820003515556336
    ],
    [
      0.0,
      0.0,
      0.0,
      0.0,
      0.0,
      0.0
    ],
    [
      0.0,
      0.00528169014084507,
      0.0,
      0.0,
      0.9947183098591549,
      0.0
    ],
    [
      0.0,
      0.0,
      0.00224782242202866,
      0.0,
      0.0,
      0.9977521775779713
    ]
  ]
}