{
  "aggregate": {
    "ic_q50": {
      "mean": 0.07276867277288558,
      "median": 0.08696713504446399,
      "pos_frac": 0.5714285714285714
    },
    "ic_q75": {
      "mean": 0.1453372239863011,
      "median": 0.07904741549147068,
      "pos_frac": 0.8
    },
    "ic_unconditional": {
      "mean": 0.13322043779268025,
      "median": 0.08944219807751368,
      "pos_frac": 0.75
    },
    "uplift_q50": {
      "mean": -0.06986123462222893,
      "median": -0.024563110534923077,
      "pos_frac": 0.14285714285714285
    },
    "uplift_q75": {
      "mean": -0.017918710211267893,
      "median": -0.017528783256938178,
      "pos_frac": 0.2
    }
  },
  "calib_rows": 3600,
  "eval_rows": 1800,
  "steps": [
    {
      "calib_end": 3600,
      "calib_start": 0,
      "eval_end": 5400,
      "eval_start": 3600,
      "frac_on_q50": 0.4955555555555556,
      "frac_on_q75": 0.395,
      "ic_q50": 0.20776578690031178,
      "ic_q75": 0.20445878919993773,
      "ic_unconditional": 0.051982318007496434,
      "step": 0,
      "thr_q50": 9.912532269513523e-05,
      "thr_q75": 0.00011845506301116912,
      "uplift_q50": 0.15578346889281536,
      "uplift_q75": 0.1524764711924413
    },
    {
      "calib_end": 5400,
      "calib_start": 1800,
      "eval_end": 7200,
      "eval_start": 5400,
      "frac_on_q50": 0.22944444444444445,
      "frac_on_q75": 0.0,
      "ic_q50": -0.09045079840672295,
      "ic_q75": NaN,
      "ic_unconditional": 0.2921105578711357,
      "step": 1,
      "thr_q50": 0.0001025996527164774,
      "thr_q75": 0.00013589735284056818,
      "uplift_q50": -0.38256135627785864,
      "uplift_q75": NaN
    },
    {
      "calib_end": 7200,
      "calib_start": 3600,
      "eval_end": 9000,
      "eval_start": 7200,
      "frac_on_q50": 0.5266666666666666,
      "frac_on_q75": 0.43333333333333335,
      "ic_q50": 0.11412979152349778,
      "ic_q75": 0.07904741549147068,
      "ic_unconditional": 0.21380507748359415,
      "step": 2,
      "thr_q50": 9.758614465745315e-05,
      "thr_q75": 0.00010998356179831609,
      "uplift_q50": -0.09967528596009637,
      "uplift_q75": -0.13475766199212347
    },
    {
      "calib_end": 9000,
      "calib_start": 5400,
      "eval_end": 10800,
      "eval_start": 9000,
      "frac_on_q50": 0.0,
      "frac_on_q75": 0.0,
      "ic_q50": NaN,
      "ic_q75": NaN,
      "ic_unconditional": 0.06735415057564029,
      "step": 3,
      "thr_q50": 9.575851739892649e-05,
      "thr_q75": 0.00011018339023036015,
      "uplift_q50": NaN,
      "uplift_q75": NaN
    },
    {
      "calib_end": 10800,
      "calib_start": 7200,
      "eval_end": 12600,
      "eval_start": 10800,
      "frac_on_q50": 0.47,
      "frac_on_q75": 0.0,
      "ic_q50": -0.24312918619675247,
      "ic_q75": NaN,
      "ic_unconditional": -0.10998087709317911,
      "step": 4,
      "thr_q50": 7.146428388249491e-05,
      "thr_q75": 0.00011145882171703948,
      "uplift_q50": -0.13314830910357336,
      "uplift_q75": NaN
    },
    {
      "calib_end": 12600,
      "calib_start": 9000,
      "eval_end": 14400,
      "eval_start": 12600,
      "frac_on_q50": 0.7461111111111111,
      "frac_on_q75": 0.41888888888888887,
      "ic_q50": 0.08696713504446399,
      "ic_q75": 0.021746668579667963,
      "ic_unconditional": 0.11153024557938707,
      "step": 5,
      "thr_q50": 6.856021168935217e-05,
      "thr_q75": 7.806228839138133e-05,
      "uplift_q50": -0.024563110534923077,
      "uplift_q75": -0.0897835769997191
    },
    {
      "calib_end": 14400,
      "calib_start": 10800,
      "eval_end": 16200,
      "eval_start": 14400,
      "frac_on_q50": 0.8016666666666666,
      "frac_on_q75": 0.6055555555555555,
      "ic_q50": -0.008547010076126401,
      "ic_q75": -0.02121174396109814,
      "ic_unconditional": -0.0036829607041599607,
      "step": 6,
      "thr_q50": 7.486900173894092e-05,
      "thr_q75": 8.725791425754664e-05,
      "uplift_q50": -0.004864049371966441,
      "uplift_q75": -0.017528783256938178
    },
    {
      "calib_end": 16200,
      "calib_start": 12600,
      "eval_end": 18000,
      "eval_start": 16200,
      "frac_on_q50": 0.8333333333333334,
      "frac_on_q75": 0.8333333333333334,
      "ic_q50": 0.44264499062152735,
      "ic_q75": 0.44264499062152735,
      "ic_unconditional": 0.44264499062152735,
      "step": 7,
      "thr_q50": 8.566407520094505e-05,
      "thr_q75": 0.00011444624463617462,
      "uplift_q50": 0.0,
      "uplift_q75": 0.0
    }
  ],
  "window_rows": 300
}