{
  "FINAL": "REJECT",
  "p_value": 0.377622,
  "plv": 0.008577
}