{
  "evaluator_mode": "PLACEHOLDER_APPROXIMATION",
  "fraction_within_tol_pass": true,
  "pass_threshold": 0.8,
  "stability": {
    "anchor_sharpe": 1.2619,
    "fraction_within_tol": 1.0,
    "n_candidates": 64,
    "parameter_names": [
      "cost_bps",
      "vol_target_annualised",
      "return_clip_abs",
      "vol_cap_leverage",
      "regime_quantile_low",
      "regime_quantile_high"
    ],
    "perturbed_sharpes": [
      1.2604400842697197,
      1.2604641013954985,
      1.2612662488394561,
      1.2604764739150005,
      1.2605958049332942,
      1.2607648467517876,
      1.2603525655774173,
      1.260797458285937,
      1.2604286241226705,
      1.2612494268134145,
      1.2615013431301103,
      1.2607515675625593,
      1.2597513433894545,
      1.2614690022961674,
      1.2594586761616802,
      1.2607862780696393,
      1.2602204216113475,
      1.2605502509651094,
      1.2600646803435702,
      1.2604023628449403,
      1.2609021692699676,
      1.2605479136160183,
      1.2612026125486517,
      1.2608128656446376,
      1.2615409682076666,
      1.2600547090868504,
      1.2609266206310956,
      1.2607409979817106,
      1.2609002427726272,
      1.2599744523145302,
      1.2602492221545647,
      1.2609275124736354,
      1.2597204587661581,
      1.2602358948634969,
      1.2591191172896778,
      1.2609425908255296,
      1.2596644304039504,
      1.2605920663511947,
      1.2607372882477332,
      1.2598550628277725,
      1.2604588199742819,
      1.261638377273925,
      1.2611947094080604,
      1.2595236108502141,
      1.259621437423408,
      1.2591706925757398,
      1.260600595940139,
      1.2610735307346543,
      1.2605057033199534,
      1.2593648008883178,
      1.2609393045890294,
      1.2612467495845423,
      1.2611283833570035,
      1.2603708376867746,
      1.2604311200954963,
      1.2607762651503616,
      1.259158509699405,
      1.2604946878425611,
      1.2612255640512604,
      1.2613921845123353,
      1.2591075933977343,
      1.2607366174289092,
      1.2608109058278356,
      1.2612530042006382
    ],
    "sharpe_delta_max": -0.0002616227260749948,
    "sharpe_delta_median": -0.0013060643577555986,
    "sharpe_delta_min": -0.0027924066022657623,
    "sharpe_tolerance": 0.2
  }
}
